users,succeeded,failed,submit_rps,completion_ops_s,submit_s,total_s
10,500,500,354.751,354.751,2.8189,2.8189
20,500,500,394.7272,394.7272,2.5334,2.5334
30,505,495,408.2225,408.2225,2.4496,2.4496
40,500,500,412.5556,412.5556,2.4239,2.4239
50,500,500,421.8339,421.8339,2.3706,2.3706
60,510,490,389.0775,389.0775,2.5702,2.5702
70,510,490,46.1052,46.1052,21.6895,21.6895
80,520,480,21.8439,21.8439,45.7794,45.7794
90,505,495,433.5022,433.5022,2.3068,2.3068
100,500,500,401.426,401.426,2.4911,2.4911
